date,open,high,low,close,volume,hold,settle
2023-01-03,3861.0,3909.6,3834.4,3894.2,67115,95112,0.0
2023-01-04,3897.4,3911.0,3876.6,3898.0,52123,82741,0.0
2023-01-05,3923.8,3982.6,3918.0,3974.4,65791,87168,0.0
2023-01-06,3975.2,4008.0,3972.0,3990.8,55649,81505,0.0
2023-01-09,4008.0,4032.0,3996.8,4011.6,56555,81834,0.0
2023-01-10,4014.0,4037.8,4003.4,4018.0,48658,74766,0.0
2023-01-11,4022.0,4048.2,4012.4,4017.2,50080,76040,0.0
2023-01-12,4029.6,4038.6,4010.8,4024.6,45904,68842,0.0
2023-01-13,4037.0,4091.8,4033.8,4090.8,56670,74629,0.0
2023-01-16,4090.6,4196.0,4089.8,4149.6,76171,68957,0.0
2023-01-17,4151.0,4160.8,4131.4,4147.0,45135,55847,0.0
2023-01-18,4153.0,4161.4,4130.0,4133.4,41644,42551,0.0
2023-01-19,4121.4,4162.2,4105.0,4158.0,36370,25305,0.0
2023-01-20,4169.0,4187.8,4158.8,4180.4,17201,11746,0.0
2023-01-30,4280.0,4282.8,4204.4,4208.0,55785,67929,0.0
2023-01-31,4215.0,4229.0,4166.0,4169.6,51977,68025,0.0
2023-02-01,4180.0,4200.4,4144.2,4198.0,61669,71157,0.0
2023-02-02,4210.0,4211.6,4171.0,4185.6,57283,67046,0.0
2023-02-03,4165.4,4166.0,4106.2,4143.8,64614,69459,0.0
2023-02-06,4110.0,4111.0,4062.6,4086.6,59182,64953,0.0
2023-02-07,4100.0,4107.4,4074.2,4096.2,50081,60914,0.0
2023-02-08,4103.0,4117.0,4071.0,4076.4,45696,59107,0.0
2023-02-09,4068.0,4140.0,4068.0,4133.8,58534,58997,0.0
2023-02-10,4125.6,4126.8,4089.6,4107.6,46236,53846,0.0
2023-02-13,4093.8,4145.4,4085.8,4139.0,51082,52835,0.0
2023-02-14,4147.0,4152.0,4122.6,4150.0,40609,44073,0.0
2023-02-15,4152.6,4160.4,4112.2,4120.4,39710,36576,0.0
2023-02-16,4130.0,4175.2,4067.6,4090.0,39699,21197,0.0
2023-02-17,4099.0,4114.0,4032.4,4034.6,80888,128961,0.0
2023-02-20,4049.0,4148.6,4036.6,4146.8,87814,127401,0.0
2023-02-21,4140.0,4162.4,4124.8,4149.4,66790,122787,0.0
2023-02-22,4131.0,4146.2,4102.4,4109.8,65244,122428,0.0
2023-02-23,4116.0,4136.0,4089.0,4108.2,69947,120672,0.0
2023-02-24,4103.0,4107.6,4046.0,4067.6,71007,121171,0.0
2023-02-27,4050.0,4071.8,4035.4,4051.4,61240,117327,0.0
2023-02-28,4068.0,4086.2,4026.0,4079.2,69154,121396,0.0
2023-03-01,4073.0,4148.0,4068.4,4133.2,85366,123343,0.0
2023-03-02,4124.0,4145.0,4121.0,4126.6,51643,112305,0.0
2023-03-03,4144.2,4147.8,4105.2,4134.4,58882,114510,0.0
2023-03-06,4132.2,4135.0,4086.4,4103.0,67917,110599,0.0
2023-03-07,4097.4,4125.2,4044.6,4047.2,82731,110995,0.0
2023-03-08,4030.0,4042.8,4015.0,4034.8,57287,100966,0.0
2023-03-09,4037.0,4043.6,3998.6,4023.0,64588,100437,0.0
2023-03-10,3996.8,4011.0,3962.2,3965.6,74361,92959,0.0
2023-03-13,3973.6,4014.6,3973.0,4010.0,70723,85391,0.0
2023-03-14,3998.0,4004.6,3950.6,3988.8,74234,74478,0.0
2023-03-15,4017.2,4024.2,3983.2,3986.4,59629,52461,0.0
2023-03-16,3956.0,3987.6,3935.6,3941.0,48932,32380,0.0
2023-03-17,3963.4,4008.8,3958.6,3974.6,26726,11921,0.0
2023-03-20,3967.0,3989.0,3938.6,3945.6,60635,72301,0.0
2023-03-21,3958.0,3992.8,3954.4,3988.6,60019,71545,0.0
2023-03-22,4000.0,4022.4,3989.8,4003.2,57032,67935,0.0
2023-03-23,3993.0,4045.6,3991.6,4044.6,59961,70198,0.0
2023-03-24,4034.6,4047.8,4025.6,4040.6,49595,66368,0.0
2023-03-27,4033.0,4035.0,3997.8,4019.0,56951,71554,0.0
2023-03-28,4028.8,4032.4,4004.4,4009.4,49393,67493,0.0
2023-03-29,4030.2,4032.8,4003.0,4009.0,53718,69564,0.0
2023-03-30,4015.0,4054.2,3993.4,4052.8,73120,74979,0.0
2023-03-31,4060.0,4077.2,4052.2,4063.8,54614,67830,0.0
2023-04-03,4071.8,4104.4,4063.8,4091.2,58173,70642,0.0
2023-04-04,4092.2,4114.0,4082.0,4111.8,51624,67484,0.0
2023-04-06,4095.8,4105.8,4085.6,4098.0,42778,64704,0.0
2023-04-07,4103.8,4141.0,4097.4,4128.2,45932,65729,0.0
2023-04-10,4138.0,4141.0,4109.2,4112.4,47281,65846,0.0
2023-04-11,4116.6,4124.6,4088.8,4102.2,48196,64888,0.0
2023-04-12,4107.8,4109.4,4091.0,4097.2,40891,60086,0.0
2023-04-13,4083.2,4096.0,4065.4,4073.8,52447,66065,0.0
2023-04-14,4086.0,4105.0,4081.2,4095.0,48160,58280,0.0
2023-04-17,4093.4,4155.0,4090.6,4153.6,52990,57336,0.0
2023-04-18,4142.6,4173.0,4142.6,4161.4,43177,46611,0.0
2023-04-19,4160.0,4162.2,4123.4,4125.2,41605,39704,0.0
2023-04-20,4125.6,4130.2,4098.0,4105.2,34677,22033,0.0
2023-04-21,4112.0,4113.0,4053.4,4055.8,17916,9547,0.0
2023-04-24,4048.6,4048.6,3972.0,3991.0,59721,65856,0.0
2023-04-25,3993.0,3998.4,3935.4,3970.2,66121,71248,0.0
2023-04-26,3962.2,3981.0,3949.0,3964.6,53023,67700,0.0
2023-04-27,3957.4,4012.0,3951.0,3998.0,50319,65649,0.0
2023-04-28,3999.0,4038.4,3999.0,4031.6,45577,59817,0.0
2023-05-04,4017.4,4036.2,4005.4,4033.6,43551,58945,0.0
2023-05-05,4037.6,4047.0,3996.0,4017.8,48839,58339,0.0
2023-05-08,4030.0,4070.0,4020.4,4058.0,50538,58658,0.0
2023-05-09,4061.6,4092.0,4026.0,4026.8,62479,61671,0.0
2023-05-10,4029.0,4029.0,3990.4,3997.8,56398,58819,0.0
2023-05-11,4008.0,4018.0,3987.2,3990.2,38175,54806,0.0
2023-05-12,3990.0,4004.8,3935.4,3937.4,48740,58074,0.0
2023-05-15,3937.0,4004.6,3930.2,4001.0,55131,53173,0.0
2023-05-16,3999.6,4008.8,3970.2,3986.2,40893,43719,0.0
2023-05-17,3980.6,3991.0,3950.2,3960.2,37037,36577,0.0
2023-05-18,3966.0,3986.0,3934.6,3953.8,35267,20957,0.0
2023-05-19,3932.8,3962.6,3915.0,3937.8,65716,129907,0.0
2023-05-22,3937.8,3982.4,3925.0,3957.6,72744,128856,0.0
2023-05-23,3957.0,3968.0,3894.2,3896.2,66911,124895,0.0
2023-05-24,3887.2,3893.8,3843.6,3847.4,77188,131094,0.0
2023-05-25,3840.0,3849.6,3802.2,3833.0,75231,125263,0.0
2023-05-26,3830.0,3852.0,3800.2,3841.0,68105,124152,0.0
2023-05-29,3860.0,3863.0,3807.0,3825.0,59031,119855,0.0
2023-05-30,3822.0,3837.4,3775.6,3825.6,76974,122807,0.0
2023-05-31,3811.2,3816.6,3770.8,3790.6,65127,113644,0.0
2023-06-01,3786.0,3832.0,3783.2,3798.0,71060,114355,0.0
2023-06-02,3820.0,3863.0,3819.0,3850.4,63645,104320,0.0
2023-06-05,3850.4,3851.8,3821.0,3833.8,48216,102048,0.0
2023-06-06,3830.0,3864.8,3790.4,3794.0,73642,108079,0.0
2023-06-07,3806.8,3815.2,3768.8,3781.8,63556,98997,0.0
2023-06-08,3786.0,3831.0,3767.6,3811.0,67626,98960,0.0
2023-06-09,3819.6,3836.0,3808.4,3832.8,56763,89722,0.0
2023-06-12,3820.4,3858.0,3812.8,3833.6,64722,85961,0.0
2023-06-13,3829.0,3868.0,3828.0,3862.6,60923,71308,0.0
2023-06-14,3870.6,3889.2,3858.2,3860.6,60143,54461,0.0
2023-06-15,3873.0,3925.8,3868.4,3924.2,49804,31268,0.0
2023-06-16,3929.0,3959.8,3925.8,3958.0,24354,12836,0.0
2023-06-19,3927.0,3928.4,3895.8,3901.4,48141,85538,0.0
2023-06-20,3900.0,3913.0,3888.6,3893.0,45090,86486,0.0
2023-06-21,3878.0,3890.0,3833.0,3833.8,56262,86672,0.0
2023-06-26,3813.4,3818.0,3777.4,3792.8,61332,91820,0.0
2023-06-27,3798.2,3827.8,3783.4,3817.0,52693,86571,0.0
2023-06-28,3808.0,3824.4,3783.2,3822.0,53180,88640,0.0
2023-06-29,3828.0,3828.8,3792.4,3805.4,45506,85817,0.0
2023-06-30,3802.0,3848.6,3796.0,3827.4,49919,87442,0.0
2023-07-03,3839.0,3886.6,3837.0,3871.8,52469,86542,0.0
2023-07-04,3868.8,3883.2,3865.0,3880.8,33960,81171,0.0
2023-07-05,3876.0,3880.0,3844.4,3849.6,40793,82932,0.0
2023-07-06,3839.6,3864.4,3816.2,3821.0,50127,84997,0.0
2023-07-07,3812.2,3825.4,3799.0,3806.2,49987,84283,0.0
2023-07-10,3828.4,3851.6,3812.0,3825.4,46327,81858,0.0
2023-07-11,3839.6,3858.2,3828.8,3853.2,46727,80216,0.0
2023-07-12,3852.4,3862.8,3823.2,3832.2,47835,81262,0.0
2023-07-13,3850.8,3900.6,3848.2,3897.0,57888,79320,0.0
2023-07-14,3903.8,3907.0,3891.0,3894.8,36814,72730,0.0
2023-07-17,3876.2,3884.0,3845.0,3860.0,42822,64974,0.0
2023-07-18,3868.2,3869.8,3841.2,3855.8,41769,58688,0.0
2023-07-19,3844.0,3862.0,3832.4,3854.8,41830,47116,0.0
2023-07-20,3867.2,3881.6,3818.0,3824.8,39880,27458,0.0
2023-07-21,3824.2,3861.0,3816.8,3834.0,57189,74153,0.0
2023-07-24,3808.8,3838.4,3803.2,3812.0,44306,72455,0.0
2023-07-25,3877.0,3927.6,3876.0,3926.4,70645,83429,0.0
2023-07-26,3919.0,3923.8,3903.2,3915.2,41289,74154,0.0
2023-07-27,3925.0,3938.0,3895.8,3910.4,49250,76763,0.0
2023-07-28,3898.0,4018.0,3895.0,4009.2,75196,87171,0.0
2023-07-31,4048.0,4082.0,4016.4,4024.6,73686,89250,0.0
2023-08-01,4021.0,4046.4,3997.2,4008.6,54446,83078,0.0
2023-08-02,3999.6,4021.4,3966.8,3976.8,59550,86629,0.0
2023-08-03,3975.2,4011.8,3972.2,4009.4,56176,83148,0.0
2023-08-04,4043.6,4073.0,4016.2,4027.6,79386,92890,0.0
2023-08-07,4012.8,4018.0,3990.2,4005.6,48586,81475,0.0
2023-08-08,3991.0,4014.8,3974.6,3988.4,56269,84793,0.0
2023-08-09,3979.0,3996.0,3974.4,3983.0,41533,78019,0.0
2023-08-10,3978.2,3991.6,3945.2,3979.2,57188,85735,0.0
2023-08-11,3972.8,3985.0,3880.0,3882.2,73266,80625,0.0
2023-08-14,3842.2,3863.6,3816.0,3856.8,63678,72540,0.0
2023-08-15,3865.0,3868.2,3812.2,3851.4,59400,60412,0.0
2023-08-16,3830.0,3855.0,3820.2,3821.2,44696,45609,0.0
2023-08-17,3816.2,3853.8,3798.4,3846.6,73150,178773,0.0
2023-08-18,3846.8,3857.4,3788.0,3789.4,84847,188531,0.0
2023-08-21,3778.8,3794.8,3733.8,3734.8,89587,191709,0.0
2023-08-22,3753.0,3779.4,3711.4,3761.0,104215,193303,0.0
2023-08-23,3754.4,3761.2,3696.2,3705.0,84037,184762,0.0
2023-08-24,3722.8,3759.8,3712.0,3730.0,81974,185351,0.0
2023-08-25,3710.0,3749.0,3703.6,3720.6,87238,187172,0.0
2023-08-28,3922.0,3930.0,3743.8,3757.2,143618,199955,0.0
2023-08-29,3757.4,3829.0,3756.0,3796.4,111720,183377,0.0
2023-08-30,3810.0,3825.4,3788.0,3794.0,72711,174542,0.0
2023-08-31,3798.0,3805.0,3767.4,3776.8,64186,174717,0.0
2023-09-01,3794.8,3818.4,3785.0,3796.8,63667,166285,0.0
2023-09-04,3827.6,3865.0,3809.0,3857.0,84243,166129,0.0
2023-09-05,3844.8,3847.8,3817.2,3826.2,62230,154391,0.0
2023-09-06,3813.0,3828.6,3798.8,3817.2,59819,153130,0.0
2023-09-07,3807.2,3811.2,3758.8,3761.2,71201,148697,0.0
2023-09-08,3751.0,3761.6,3728.0,3739.4,59465,138406,0.0
2023-09-11,3745.8,3793.8,3735.4,3770.0,79720,131707,0.0
2023-09-12,3765.0,3779.2,3757.6,3766.6,58937,107502,0.0
2023-09-13,3766.4,3776.8,3719.0,3739.6,74921,85127,0.0
2023-09-14,3740.0,3750.0,3717.0,3737.6,60859,48280,0.0
2023-09-15,3741.0,3750.0,3704.8,3709.4,35758,23881,0.0
2023-09-18,3710.0,3756.4,3702.6,3743.8,71330,107730,0.0
2023-09-19,3737.0,3740.0,3713.6,3736.4,56605,105157,0.0
2023-09-20,3726.4,3736.0,3718.2,3720.2,46453,101402,0.0
2023-09-21,3710.2,3725.8,3682.0,3684.0,57469,109637,0.0
2023-09-22,3687.0,3763.6,3678.2,3763.2,75829,112426,0.0
2023-09-25,3753.0,3755.0,3723.2,3731.4,49477,103976,0.0
2023-09-26,3728.6,3738.8,3708.2,3712.6,44708,105166,0.0
2023-09-27,3714.6,3749.8,3709.2,3721.6,61811,108734,0.0
2023-09-28,3730.0,3733.6,3695.4,3701.0,47606,104693,0.0
2023-10-09,3693.4,3706.0,3646.2,3690.6,63550,113744,0.0
2023-10-10,3711.6,3717.6,3659.4,3663.2,52435,104669,0.0
2023-10-11,3683.0,3700.6,3664.0,3671.0,53866,101848,0.0
2023-10-12,3707.0,3723.2,3688.2,3710.0,62434,99733,0.0
2023-10-13,3684.0,3686.0,3661.8,3671.0,47539,93223,0.0
2023-10-16,3675.0,3677.4,3617.2,3628.8,53543,89132,0.0
2023-10-17,3633.8,3649.8,3622.8,3640.6,50404,75054,0.0
2023-10-18,3637.0,3639.0,3610.0,3613.2,53355,63173,0.0
2023-10-19,3588.2,3596.2,3531.8,3536.6,52221,38404,0.0
2023-10-20,3523.0,3540.8,3504.2,3521.6,71133,96152,0.0
2023-10-23,3508.0,3512.8,3448.8,3470.8,69148,96126,0.0
2023-10-24,3480.0,3502.8,3453.8,3485.2,76044,100060,0.0
2023-10-25,3528.0,3542.0,3503.4,3505.8,64489,91108,0.0
2023-10-26,3492.2,3525.8,3486.2,3519.2,61284,94951,0.0
2023-10-27,3509.2,3587.8,3502.4,3573.0,75265,94572,0.0
2023-10-30,3561.2,3600.6,3561.0,3588.2,60588,90554,0.0
2023-10-31,3582.0,3587.0,3558.2,3580.6,47162,86149,0.0
2023-11-01,3601.8,3603.6,3565.2,3577.0,50481,86562,0.0
2023-11-02,3588.4,3605.6,3558.6,3559.2,47567,82723,0.0
2023-11-03,3568.2,3606.8,3565.2,3588.0,58332,87687,0.0
2023-11-06,3613.8,3643.0,3610.4,3638.0,59219,87251,0.0
2023-11-07,3628.0,3638.0,3612.0,3626.0,46160,82992,0.0
2023-11-08,3615.0,3633.0,3593.6,3613.6,53347,81360,0.0
2023-11-09,3607.2,3632.0,3603.8,3618.0,49528,77406,0.0
2023-11-10,3600.2,3603.6,3577.4,3587.8,48298,71770,0.0
2023-11-13,3593.0,3601.6,3561.8,3585.6,46850,69573,0.0
2023-11-14,3591.8,3606.0,3571.0,3585.0,51745,59814,0.0
2023-11-15,3622.6,3627.8,3597.2,3610.0,47792,45264,0.0
2023-11-16,3606.0,3615.0,3576.0,3577.0,61866,188740,0.0
2023-11-17,3566.0,3578.8,3550.2,3571.0,68469,200799,0.0
2023-11-20,3574.8,3594.8,3543.4,3582.0,71129,197700,0.0
2023-11-21,3598.0,3626.8,3579.4,3589.0,85151,199017,0.0
2023-11-22,3577.2,3585.4,3548.6,3548.6,60643,192634,0.0
2023-11-23,3547.0,3573.0,3533.4,3571.6,67966,194830,0.0
2023-11-24,3562.0,3564.4,3534.4,3542.4,60673,188897,0.0
2023-11-27,3539.0,3541.0,3492.6,3517.2,64045,187937,0.0
2023-11-28,3511.4,3527.6,3501.4,3523.2,53961,179352,0.0
2023-11-29,3529.0,3529.0,3483.0,3497.4,57861,181468,0.0
2023-11-30,3496.0,3512.0,3486.2,3502.6,57055,174437,0.0
2023-12-01,3497.0,3500.0,3455.6,3484.0,73411,182485,0.0
2023-12-04,3485.0,3492.8,3457.4,3458.4,59580,167804,0.0
2023-12-05,3450.6,3451.0,3376.0,3380.0,84660,163588,0.0
2023-12-06,3379.0,3418.6,3370.8,3391.4,75215,142663,0.0
2023-12-07,3380.8,3402.8,3361.0,3387.6,70741,138429,0.0
2023-12-08,3389.4,3408.8,3382.2,3395.6,61423,125532,0.0
2023-12-11,3373.0,3433.6,3341.4,3418.6,85442,121003,0.0
2023-12-12,3412.8,3430.0,3407.4,3427.0,65865,91832,0.0
2023-12-13,3415.2,3417.6,3365.2,3368.0,62450,74759,0.0
2023-12-14,3388.8,3402.0,3349.4,3352.4,55420,44728,0.0
2023-12-15,3375.2,3393.0,3342.4,3346.2,34611,21115,0.0
2023-12-18,3328.0,3353.2,3303.4,3335.0,63506,105000,0.0
2023-12-19,3331.8,3355.0,3317.0,3341.8,58600,108764,0.0
2023-12-20,3347.0,3351.6,3305.2,3309.6,59144,109216,0.0
2023-12-21,3296.0,3358.0,3291.4,3342.4,84081,117112,0.0
2023-12-22,3340.0,3374.6,3323.0,3348.0,82261,114179,0.0
2023-12-25,3346.4,3366.0,3343.4,3356.2,45108,104891,0.0
2023-12-26,3357.4,3358.0,3322.6,3333.4,51248,107069,0.0
2023-12-27,3342.0,3351.8,3317.2,3342.2,59283,106873,0.0
2023-12-28,3339.0,3441.4,3338.0,3432.2,88013,117216,0.0
2023-12-29,3430.0,3449.4,3423.2,3439.4,63813,105704,0.0
2024-01-02,3439.4,3442.0,3388.0,3388.2,53653,100995,0.0
2024-01-03,3385.0,3398.8,3367.2,3383.0,50495,99096,0.0
2024-01-04,3381.6,3381.6,3324.0,3350.2,61815,103436,0.0
2024-01-05,3340.2,3377.6,3314.4,3334.2,71188,99516,0.0
2024-01-08,3329.0,3342.0,3276.6,3279.6,74184,99984,0.0
2024-01-09,3285.0,3309.0,3272.6,3292.4,69450,94611,0.0
2024-01-10,3280.0,3319.2,3265.6,3278.2,67521,94013,0.0
2024-01-11,3277.6,3320.0,3271.2,3297.6,68319,92216,0.0
2024-01-12,3281.6,3315.8,3281.0,3286.4,56689,87041,0.0
2024-01-15,3270.0,3313.6,3261.4,3280.2,60013,81875,0.0
2024-01-16,3272.0,3303.0,3250.0,3301.4,80097,76216,0.0
2024-01-17,3288.0,3291.8,3210.4,3222.4,70728,54792,0.0
2024-01-18,3213.8,3262.2,3162.0,3249.2,63787,35836,0.0
2024-01-19,3224.0,3258.8,3224.0,3242.0,78547,82239,0.0
2024-01-22,3239.0,3259.0,3133.0,3179.0,90087,84856,0.0
2024-01-23,3178.2,3240.4,3159.0,3212.2,84020,82818,0.0
2024-01-24,3240.0,3269.2,3173.0,3264.0,89508,82914,0.0
2024-01-25,3259.0,3342.4,3252.4,3334.2,81000,79589,0.0
2024-01-26,3323.0,3348.8,3313.0,3327.6,70551,75696,0.0
2024-01-29,3332.0,3349.2,3292.2,3294.0,64406,71909,0.0
2024-01-30,3281.4,3294.6,3237.0,3237.4,68690,75315,0.0
2024-01-31,3227.0,3250.6,3193.2,3212.0,77497,72425,0.0
2024-02-01,3200.2,3250.0,3187.0,3213.6,72482,70555,0.0
2024-02-02,3227.8,3234.8,3090.0,3165.4,88240,72122,0.0
2024-02-05,3147.4,3218.0,3091.2,3171.2,91838,65176,0.0
2024-02-06,3171.2,3308.8,3162.8,3303.0,75996,50454,0.0
2024-02-07,3279.0,3327.0,3271.0,3316.6,81202,144102,0.0
2024-02-08,3334.0,3363.0,3329.8,3353.6,84960,151887,0.0
2024-02-19,3385.0,3388.0,3354.2,3373.0,72044,151687,0.0
2024-02-20,3373.0,3397.0,3361.0,3387.0,62140,149259,0.0
2024-02-21,3374.2,3504.8,3371.4,3455.0,106916,156023,0.0
2024-02-22,3451.2,3487.4,3450.0,3484.0,66933,144314,0.0
2024-02-23,3488.8,3505.0,3471.0,3487.0,66409,140770,0.0
2024-02-26,3481.6,3489.0,3441.6,3445.4,68412,134890,0.0
2024-02-27,3441.8,3497.6,3436.4,3497.4,67716,128057,0.0
2024-02-28,3500.0,3525.2,3454.0,3456.8,87304,128589,0.0
2024-02-29,3460.0,3520.0,3455.0,3515.4,83099,121179,0.0
2024-03-01,3505.2,3550.8,3504.0,3540.0,68260,114386,0.0
2024-03-04,3538.0,3548.0,3519.4,3531.0,55958,108883,0.0
2024-03-05,3517.0,3558.8,3510.0,3545.6,69808,108277,0.0
2024-03-06,3542.6,3578.6,3535.8,3545.2,63011,100080,0.0
2024-03-07,3545.6,3569.6,3521.0,3526.0,59832,96763,0.0
2024-03-08,3536.0,3548.8,3510.0,3541.0,59608,89571,0.0
2024-03-11,3540.0,3591.8,3537.2,3590.2,65942,82701,0.0
2024-03-12,3594.2,3611.8,3580.0,3598.4,64793,69804,0.0
2024-03-13,3594.0,3599.6,3567.6,3577.8,53156,54162,0.0
2024-03-14,3582.0,3602.4,3550.0,3566.0,46618,36411,0.0
2024-03-15,3560.2,3569.2,3536.0,3554.6,25257,17154,0.0
2024-03-18,3578.0,3608.0,3574.0,3607.8,53804,89314,0.0
2024-03-19,3597.6,3615.0,3578.2,3582.4,49195,87163,0.0
2024-03-20,3580.0,3596.4,3572.0,3585.0,51049,85097,0.0
2024-03-21,3595.6,3609.2,3579.8,3584.2,49230,84474,0.0
2024-03-22,3582.4,3582.4,3521.0,3540.2,68032,91984,0.0
2024-03-25,3535.0,3566.0,3522.6,3532.0,54638,81870,0.0
2024-03-26,3538.2,3553.6,3524.6,3542.8,53578,84555,0.0
2024-03-27,3536.0,3547.2,3504.6,3504.8,55557,83728,0.0
2024-03-28,3508.6,3559.6,3492.2,3521.8,67417,88293,0.0
2024-03-29,3520.4,3544.8,3518.2,3539.2,45783,79141,0.0
2024-04-01,3555.6,3612.8,3555.6,3600.4,52275,83401,0.0
2024-04-02,3595.4,3604.8,3577.2,3589.6,42444,77925,0.0
2024-04-03,3589.0,3590.0,3564.0,3574.6,40028,74663,0.0
2024-04-08,3558.2,3570.4,3536.2,3541.8,50579,75268,0.0
2024-04-09,3546.0,3549.0,3523.6,3536.4,42864,71027,0.0
2024-04-10,3529.6,3535.2,3489.8,3508.6,51313,74861,0.0
2024-04-11,3490.2,3527.2,3485.4,3508.8,49918,68634,0.0
2024-04-12,3506.0,3518.0,3465.2,3472.4,48347,66968,0.0
2024-04-15,3479.6,3559.8,3477.2,3546.4,71887,69107,0.0
2024-04-16,3534.0,3546.2,3500.8,3514.0,62523,54352,0.0
2024-04-17,3520.4,3570.0,3501.2,3563.4,57735,42511,0.0
2024-04-18,3552.2,3607.2,3552.2,3569.0,41968,23579,0.0
2024-04-19,3564.0,3568.4,3528.4,3542.0,48710,66670,0.0
2024-04-22,3544.8,3565.4,3527.2,3535.6,46887,67871,0.0
2024-04-23,3535.2,3541.2,3501.6,3509.6,46892,67729,0.0
2024-04-24,3519.0,3530.0,3497.4,3523.6,41586,65392,0.0
2024-04-25,3514.2,3549.8,3505.0,3533.4,48014,65563,0.0
2024-04-26,3544.4,3597.2,3543.8,3587.6,61866,68038,0.0
2024-04-29,3594.0,3656.4,3587.8,3631.6,59294,69344,0.0
2024-04-30,3638.4,3638.4,3608.2,3610.2,39056,62923,0.0
2024-05-06,3666.0,3678.8,3647.6,3656.2,47582,64765,0.0
2024-05-07,3656.0,3666.2,3648.2,3658.0,32715,58149,0.0
2024-05-08,3654.0,3654.0,3626.4,3628.6,33023,55972,0.0
2024-05-09,3635.0,3673.0,3631.2,3663.6,38078,54826,0.0
2024-05-10,3670.4,3681.0,3637.6,3665.0,43705,53884,0.0
2024-05-13,3645.0,3673.8,3618.0,3661.6,43591,49303,0.0
2024-05-14,3666.8,3678.0,3644.2,3655.6,37330,41898,0.0
2024-05-15,3650.0,3656.6,3622.2,3629.6,33460,33096,0.0
2024-05-16,3627.2,3645.2,3614.0,3623.0,57067,135302,0.0
2024-05-17,3628.0,3675.0,3615.8,3669.0,73451,142379,0.0
2024-05-20,3676.2,3695.6,3662.0,3675.0,64289,137734,0.0
2024-05-21,3663.4,3674.0,3649.0,3662.2,46783,132670,0.0
2024-05-22,3662.2,3677.0,3653.8,3666.4,50559,133359,0.0
2024-05-23,3654.2,3655.0,3615.0,3629.2,63497,132524,0.0
2024-05-24,3618.8,3637.6,3586.0,3589.0,61126,128483,0.0
2024-05-27,3598.6,3619.4,3588.6,3617.4,51760,121946,0.0
2024-05-28,3612.8,3621.8,3587.0,3596.4,48798,120145,0.0
2024-05-29,3598.2,3623.0,3588.8,3596.2,53321,119393,0.0
2024-05-30,3590.0,3614.8,3576.6,3586.0,57085,119626,0.0
2024-05-31,3596.0,3606.8,3568.8,3571.8,51590,117050,0.0
2024-06-03,3570.0,3587.6,3552.8,3572.6,59654,119208,0.0
2024-06-04,3570.2,3611.8,3565.8,3597.6,58083,113456,0.0
2024-06-05,3593.0,3609.8,3583.0,3584.0,44885,107030,0.0
2024-06-06,3598.0,3618.4,3570.6,3584.4,66361,114374,0.0
2024-06-07,3595.0,3598.4,3539.0,3558.8,66751,110267,0.0
2024-06-11,3548.0,3554.4,3517.6,3536.6,54307,108077,0.0
2024-06-12,3533.4,3541.6,3521.2,3531.2,42344,99927,0.0
2024-06-13,3536.8,3542.6,3507.4,3517.6,47303,96661,0.0
2024-06-14,3512.6,3540.2,3498.0,3533.6,58876,93832,0.0
2024-06-17,3515.2,3536.6,3514.6,3527.6,49884,79881,0.0
2024-06-18,3533.8,3549.2,3526.4,3537.2,52593,67671,0.0
2024-06-19,3541.4,3547.6,3522.4,3527.6,45265,52175,0.0
2024-06-20,3529.8,3535.6,3501.0,3505.0,40551,32722,0.0
2024-06-21,3505.0,3511.0,3475.0,3492.8,25877,15682,0.0
2024-06-24,3446.0,3478.6,3441.4,3450.0,57669,83482,0.0
2024-06-25,3453.6,3457.8,3409.2,3427.8,57714,84819,0.0
2024-06-26,3426.0,3459.6,3414.6,3447.2,53995,80122,0.0
2024-06-27,3438.6,3442.0,3421.2,3430.0,48155,80786,0.0
2024-06-28,3425.0,3465.0,3422.0,3435.4,57829,83004,0.0
2024-07-01,3438.0,3458.6,3417.0,3448.6,47857,79496,0.0
2024-07-02,3441.4,3461.2,3436.8,3444.6,40162,77683,0.0
2024-07-03,3449.8,3452.0,3428.8,3438.2,40891,77951,0.0
2024-07-04,3445.0,3459.8,3418.0,3419.0,49753,81880,0.0
2024-07-05,3423.0,3427.0,3373.2,3404.8,57546,86876,0.0
2024-07-08,3397.8,3403.6,3370.2,3379.2,40933,79038,0.0
2024-07-09,3378.8,3432.6,3363.0,3418.2,62497,85362,0.0
2024-07-10,3416.0,3432.0,3409.0,3412.4,39700,75866,0.0
2024-07-11,3437.6,3468.8,3424.8,3455.8,51487,77116,0.0
2024-07-12,3455.4,3470.8,3452.4,3461.6,37297,68473,0.0
2024-07-15,3456.0,3471.8,3453.8,3461.0,38026,65192,0.0
2024-07-16,3461.0,3490.6,3453.0,3485.8,49573,59325,0.0
2024-07-17,3485.2,3505.2,3477.6,3493.2,47550,47617,0.0
2024-07-18,3478.0,3516.0,3472.6,3515.2,43599,27342,0.0
2024-07-19,3499.0,3536.2,3492.0,3530.8,22332,12487,0.0
2024-07-22,3515.0,3522.0,3476.0,3492.4,50646,67619,0.0
2024-07-23,3489.6,3498.4,3427.2,3429.8,48791,68910,0.0
2024-07-24,3426.6,3438.4,3390.8,3402.4,56522,72690,0.0
2024-07-25,3395.0,3403.4,3368.4,3380.6,56302,72042,0.0
2024-07-26,3385.0,3411.8,3377.8,3397.4,49224,68729,0.0
2024-07-29,3397.4,3399.2,3380.0,3382.2,34189,64574,0.0
2024-07-30,3372.4,3375.0,3345.6,3359.6,47060,72967,0.0
2024-07-31,3356.0,3447.6,3356.0,3444.4,63407,72565,0.0
2024-08-01,3444.0,3452.8,3414.4,3417.2,43232,66144,0.0
2024-08-02,3394.6,3419.0,3374.4,3379.6,47257,68584,0.0
2024-08-05,3363.6,3411.2,3337.0,3342.8,67339,76994,0.0
2024-08-06,3368.0,3378.8,3312.6,3336.2,57521,70096,0.0
2024-08-07,3330.0,3358.8,3323.0,3332.6,43598,65696,0.0
2024-08-08,3330.0,3364.4,3313.6,3339.4,46177,65093,0.0
2024-08-09,3356.6,3364.6,3325.0,3325.4,42687,60671,0.0
2024-08-12,3325.4,3337.4,3317.4,3325.8,37891,54206,0.0
2024-08-13,3330.0,3334.4,3307.4,3330.0,39937,50273,0.0
2024-08-14,3332.2,3332.8,3303.0,3304.2,34455,37670,0.0
2024-08-15,3301.2,3362.0,3293.2,3339.8,38240,25158,0.0
2024-08-16,3333.6,3349.4,3326.0,3335.2,53101,140846,0.0
2024-08-19,3335.2,3374.8,3335.2,3348.2,49896,138603,0.0
2024-08-20,3353.4,3354.6,3309.0,3320.0,56127,139674,0.0
2024-08-21,3315.0,3324.4,3295.6,3312.4,47378,137721,0.0
2024-08-22,3315.2,3322.0,3291.2,3301.8,53259,138115,0.0
2024-08-23,3300.6,3333.8,3299.0,3321.8,54114,134786,0.0
2024-08-26,3327.0,3335.0,3304.4,3320.8,48284,132969,0.0
2024-08-27,3313.4,3319.2,3295.2,3304.2,41807,130261,0.0
2024-08-28,3300.0,3306.0,3272.8,3281.4,55947,136297,0.0
2024-08-29,3271.0,3292.0,3267.0,3275.2,56805,131602,0.0
2024-08-30,3275.0,3358.0,3272.4,3322.4,89607,138354,0.0
2024-09-02,3309.0,3313.2,3257.2,3259.8,59588,126030,0.0
2024-09-03,3262.8,3280.0,3255.6,3267.0,54770,125210,0.0
2024-09-04,3260.0,3271.6,3245.2,3250.0,52229,120475,0.0
2024-09-05,3257.0,3268.0,3245.8,3254.0,51139,118595,0.0
2024-09-06,3261.0,3273.4,3221.2,3226.6,53578,116479,0.0
2024-09-09,3215.0,3225.0,3174.6,3189.2,56733,113262,0.0
2024-09-10,3190.0,3204.4,3165.0,3188.2,58914,106914,0.0
2024-09-11,3180.6,3195.6,3167.0,3183.0,48414,100366,0.0
2024-09-12,3189.0,3203.8,3171.0,3174.8,50244,92041,0.0
2024-09-13,3177.0,3190.2,3157.6,3158.0,53682,84137,0.0
2024-09-18,3163.0,3184.4,3144.4,3171.6,64922,66518,0.0
2024-09-19,3180.0,3221.0,3147.4,3198.4,63762,40295,0.0
2024-09-20,3197.4,3197.4,3173.0,3185.0,28818,18462,0.0
2024-09-23,3184.2,3226.8,3184.2,3206.8,51491,73954,0.0
2024-09-24,3244.0,3360.0,3219.0,3359.8,97405,92621,0.0
2024-09-25,3409.8,3474.6,3398.0,3406.2,95966,85284,0.0
2024-09-26,3405.0,3588.0,3400.0,3588.0,112916,98243,0.0
2024-09-27,3661.2,3896.8,3604.2,3827.8,174660,94967,0.0
2024-09-30,3937.0,4160.6,3825.8,4160.6,182179,95898,0.0
2024-10-08,4535.0,4535.0,4163.0,4261.2,187888,87516,0.0
2024-10-09,4188.0,4218.0,3921.4,3934.0,182103,91658,0.0
2024-10-10,4000.0,4125.0,3937.4,4010.8,140123,84972,0.0
2024-10-11,3999.8,4001.6,3845.0,3904.4,112540,83441,0.0
2024-10-14,3930.2,3988.0,3872.0,3963.2,96706,74380,0.0
2024-10-15,3938.8,3972.0,3850.6,3852.2,82444,62910,0.0
2024-10-16,3816.8,3888.2,3805.0,3832.0,79653,53581,0.0
2024-10-17,3856.6,3888.0,3781.8,3784.4,57933,28779,0.0
2024-10-18,3795.0,4077.0,3772.0,3934.4,157309,158193,0.0
2024-10-21,3952.4,3987.0,3911.0,3942.4,93692,152068,0.0
2024-10-22,3928.2,3977.0,3927.0,3968.8,76187,151275,0.0
2024-10-23,3965.2,4025.2,3950.0,3982.8,91964,152480,0.0
2024-10-24,3963.0,3971.2,3916.2,3937.0,68994,146969,0.0
2024-10-25,3945.0,4005.0,3930.0,3958.0,86994,154560,0.0
2024-10-28,3960.4,3972.6,3925.4,3972.2,67380,148150,0.0
2024-10-29,3986.0,4007.6,3925.6,3940.0,83548,155724,0.0
2024-10-30,3930.0,3939.0,3871.2,3896.0,78980,149749,0.0
2024-10-31,3898.0,3933.6,3862.0,3893.0,101219,162153,0.0
2024-11-01,3891.2,3945.0,3885.2,3905.0,94876,152420,0.0
2024-11-04,3914.2,3960.8,3896.2,3959.0,66974,151204,0.0
2024-11-05,3949.0,4069.6,3936.0,4068.0,115333,163368,0.0
2024-11-06,4060.0,4113.0,4011.2,4040.8,120898,162036,0.0
2024-11-07,4020.0,4185.0,4013.4,4183.8,126886,175841,0.0
2024-11-08,4215.2,4230.0,4100.8,4112.2,134963,174047,0.0
2024-11-11,4080.0,4143.4,4051.6,4133.2,110171,170722,0.0
2024-11-12,4133.4,4192.0,4065.6,4083.8,125160,172693,0.0
2024-11-13,4068.2,4128.2,4066.2,4112.8,102550,168753,0.0
2024-11-14,4098.0,4122.2,4037.0,4041.8,105891,169946,0.0
2024-11-15,4040.0,4057.8,3969.4,3975.2,120323,177831,0.0
2024-11-18,3997.8,4035.6,3932.0,3954.6,138646,180408,0.0
2024-11-19,3966.0,3978.0,3900.0,3973.2,124821,173451,0.0
2024-11-20,3961.4,4002.2,3956.0,3980.0,99274,163271,0.0
2024-11-21,3974.8,3998.0,3960.2,3989.2,83651,158321,0.0
2024-11-22,3985.0,3992.0,3853.2,3860.8,115044,164352,0.0
2024-11-25,3878.2,3887.0,3804.0,3839.0,110372,160836,0.0
2024-11-26,3830.0,3869.8,3822.0,3836.0,87806,149991,0.0
2024-11-27,3828.6,3910.4,3813.6,3901.4,112178,157714,0.0
2024-11-28,3896.2,3905.0,3853.2,3872.4,94719,144667,0.0
2024-11-29,3876.8,3965.6,3874.0,3911.0,118696,154628,0.0
2024-12-02,3912.0,3959.4,3902.0,3942.0,101066,140246,0.0
2024-12-03,3939.8,3965.6,3914.2,3945.6,89048,137651,0.0
2024-12-04,3940.0,3950.4,3910.0,3924.8,82377,129367,0.0
2024-12-05,3915.6,3934.6,3903.2,3918.6,72701,129462,0.0
2024-12-06,3921.0,4001.4,3915.2,3968.0,113855,139772,0.0
2024-12-09,3967.0,3994.4,3936.6,3963.4,83017,122070,0.0
2024-12-10,4099.0,4124.0,3989.6,4000.4,116078,132915,0.0
2024-12-11,3997.0,4013.6,3985.2,3994.0,70438,114764,0.0
2024-12-12,3994.2,4044.2,3987.0,4038.8,83636,121586,0.0
2024-12-13,4005.0,4006.4,3926.2,3935.0,104929,109870,0.0
2024-12-16,3940.0,3940.0,3901.2,3911.4,65026,96215,0.0
2024-12-17,3907.0,3962.0,3907.0,3922.4,89943,89729,0.0
2024-12-18,3941.4,3959.4,3931.6,3940.2,65404,66736,0.0
2024-12-19,3910.8,3956.6,3897.2,3944.8,55685,43675,0.0
2024-12-20,3937.0,3957.6,3921.0,3935.0,31716,19435,0.0
2024-12-23,3939.8,3972.0,3931.4,3937.4,52276,140464,0.0
2024-12-24,3941.2,3998.4,3938.2,3988.8,55592,141179,0.0
2024-12-25,3992.0,4009.0,3968.0,3986.8,48157,138808,0.0
2024-12-26,3984.8,3999.6,3972.2,3990.4,33505,137340,0.0
2024-12-27,3994.0,4021.2,3980.0,3987.0,52322,146847,0.0
2024-12-30,3987.6,4014.8,3986.6,4003.4,43124,141697,0.0
2024-12-31,4005.8,4014.2,3916.8,3921.0,63904,145358,0.0
2025-01-02,3921.0,3931.0,3784.4,3817.8,82958,151506,0.0
2025-01-03,3826.0,3834.0,3758.0,3779.0,74342,150331,0.0
2025-01-06,3780.2,3785.4,3740.8,3762.0,63581,148863,0.0
2025-01-07,3757.0,3793.4,3750.0,3789.6,52260,144935,0.0
2025-01-08,3780.0,3810.0,3720.6,3781.2,74894,151394,0.0
2025-01-09,3773.0,3790.0,3762.4,3772.2,46603,142363,0.0
2025-01-10,3778.0,3785.8,3727.4,3728.0,56307,147539,0.0
2025-01-13,3710.0,3739.2,3702.0,3724.0,56330,145942,0.0
2025-01-14,3732.8,3834.8,3721.2,3816.8,85212,157583,0.0
2025-01-15,3806.4,3815.0,3786.0,3794.6,51748,151093,0.0
2025-01-16,3807.6,3849.6,3771.0,3792.2,76758,166339,0.0
2025-01-17,3784.4,3835.0,3776.6,3807.2,77443,162173,0.0
2025-01-20,3832.0,3863.6,3818.6,3827.0,68261,163779,0.0
2025-01-21,3850.4,3854.0,3816.0,3831.6,65603,161675,0.0
2025-01-22,3824.4,3825.4,3774.2,3790.8,74475,166367,0.0
2025-01-23,3830.2,3872.6,3791.0,3798.6,107102,173229,0.0
2025-01-24,3798.0,3859.0,3797.0,3843.8,83529,167315,0.0
2025-01-27,3846.0,3855.4,3795.0,3795.0,63406,159646,0.0
2025-02-05,3826.4,3829.4,3775.6,3788.8,65902,163600,0.0
2025-02-06,3788.0,3849.8,3786.2,3841.6,74978,160510,0.0
2025-02-07,3841.2,3925.6,3834.2,3897.8,107480,174116,0.0
2025-02-10,3905.0,3910.2,3882.2,3899.0,64008,159057,0.0
2025-02-11,3902.0,3904.4,3868.4,3883.2,54628,157204,0.0
2025-02-12,3879.0,3927.6,3866.0,3918.4,74891,160158,0.0
2025-02-13,3914.6,3940.2,3901.0,3910.0,82808,162824,0.0
2025-02-14,3912.8,3948.6,3904.4,3944.4,79613,160292,0.0
2025-02-17,3958.0,3964.0,3916.0,3948.2,75930,161747,0.0
2025-02-18,3940.0,3965.0,3900.4,3918.2,89311,163220,0.0
2025-02-19,3914.0,3949.6,3907.4,3939.4,81144,164340,0.0
2025-02-20,3931.0,3939.4,3913.2,3926.8,73119,160226,0.0
2025-02-21,3936.2,3988.4,3925.8,3981.6,106233,176088,0.0
2025-02-24,3978.0,3995.8,3946.0,3967.2,90206,163065,0.0
2025-02-25,3930.0,3956.6,3913.0,3928.6,83453,160826,0.0
2025-02-26,3935.6,3961.0,3922.6,3957.2,88376,156688,0.0
2025-02-27,3957.0,3975.0,3931.0,3973.6,94347,156589,0.0
2025-02-28,3955.0,3970.0,3887.4,3899.8,104257,157983,0.0
2025-03-03,3908.0,3935.0,3871.8,3886.6,93136,153150,0.0
2025-03-04,3870.0,3891.0,3858.8,3882.2,72633,144648,0.0
2025-03-05,3885.0,3903.0,3871.4,3894.6,71493,142442,0.0
2025-03-06,3917.6,3969.0,3916.0,3954.2,95177,144572,0.0
2025-03-07,3945.2,3964.8,3933.0,3943.8,65169,132487,0.0
2025-03-10,3943.2,3945.8,3896.6,3917.8,76002,130053,0.0
2025-03-11,3884.4,3930.0,3882.2,3930.0,70169,123314,0.0
2025-03-12,3936.0,3950.8,3911.6,3923.2,72770,123274,0.0
2025-03-13,3924.0,3935.0,3885.8,3904.8,76944,116309,0.0
2025-03-14,3913.0,4020.0,3910.4,4012.8,121547,124275,0.0
2025-03-17,4022.0,4028.0,3991.0,3996.0,79845,97164,0.0
2025-03-18,3989.0,4001.8,3976.6,3982.2,37257,133121,0.0
2025-03-19,3978.2,4002.2,3968.4,3990.0,38825,138517,0.0
2025-03-20,3987.0,3989.6,3947.0,3953.6,42985,145560,0.0
2025-03-21,3950.0,3960.2,3871.8,3882.8,67356,158782,0.0
2025-03-24,3885.2,3907.2,3878.6,3900.2,51229,151921,0.0
2025-03-25,3901.0,3913.2,3890.6,3904.4,45405,152230,0.0
2025-03-26,3902.0,3918.6,3888.8,3891.8,45817,154083,0.0
2025-03-27,3890.0,3931.6,3873.4,3904.6,56873,156732,0.0
2025-03-28,3906.4,3909.8,3875.2,3884.0,51648,152667,0.0
2025-03-31,3877.2,3902.0,3833.8,3858.6,64968,159056,0.0
2025-04-01,3866.0,3879.6,3853.4,3859.6,40892,150013,0.0
2025-04-02,3859.6,3876.0,3850.4,3857.6,37515,151868,0.0
2025-04-03,3824.0,3864.0,3820.2,3837.0,62929,160981,0.0
2025-04-07,3683.4,3729.2,3452.6,3452.6,149826,164375,0.0
2025-04-08,3482.6,3560.0,3470.0,3543.8,123769,153665,0.0
2025-04-09,3499.6,3634.4,3489.0,3614.0,115307,150590,0.0
2025-04-10,3678.4,3713.4,3655.0,3673.0,83748,141689,0.0
2025-04-11,3678.2,3709.0,3650.2,3686.6,69617,139942,0.0
2025-04-14,3706.2,3717.0,3694.0,3694.8,45569,135018,0.0
2025-04-15,3692.0,3698.0,3675.4,3690.4,44540,137582,0.0
2025-04-16,3691.2,3697.8,3652.6,3690.8,58241,141540,0.0
2025-04-17,3680.0,3725.0,3678.2,3710.6,55799,141593,0.0
2025-04-18,3706.4,3723.4,3694.6,3708.8,45646,139841,0.0
2025-04-21,3708.2,3745.2,3705.4,3733.2,44191,139536,0.0
2025-04-22,3733.2,3750.0,3731.4,3733.0,37955,136331,0.0
2025-04-23,3753.8,3768.0,3727.8,3734.0,48170,137093,0.0
2025-04-24,3736.2,3759.8,3720.6,3736.8,48747,136827,0.0
2025-04-25,3745.0,3760.0,3730.2,3739.2,47168,136227,0.0
2025-04-28,3737.0,3741.0,3716.8,3730.6,38102,134340,0.0
2025-04-29,3729.0,3739.0,3715.4,3724.8,37569,134140,0.0
2025-04-30,3725.8,3748.0,3715.6,3716.2,42386,136357,0.0
2025-05-06,3734.0,3772.0,3733.2,3766.2,47831,138953,0.0
2025-05-07,3820.0,3835.0,3770.2,3785.0,56105,141994,0.0
2025-05-08,3778.0,3836.2,3775.6,3816.0,58985,146021,0.0
2025-05-09,3813.2,3815.2,3793.4,3808.6,39940,138820,0.0
2025-05-12,3830.6,3858.8,3822.0,3853.0,61843,152926,0.0
2025-05-13,3868.0,3872.0,3842.0,3851.0,45698,143968,0.0
2025-05-14,3852.0,3933.2,3851.2,3907.4,81957,164602,0.0
2025-05-15,3896.4,3905.8,3863.4,3872.8,59965,153318,0.0
2025-05-16,3868.0,3876.8,3838.4,3846.0,55823,154933,0.0
2025-05-19,3840.0,3848.0,3821.8,3843.2,48882,149439,0.0
2025-05-20,3847.0,3878.0,3839.4,3865.4,52572,150105,0.0
2025-05-21,3865.4,3894.6,3863.8,3881.2,56306,146414,0.0
2025-05-22,3878.0,3889.8,3864.0,3879.6,52835,143884,0.0
2025-05-23,3875.2,3904.8,3846.0,3846.2,78281,152612,0.0
2025-05-26,3846.2,3856.8,3817.4,3831.2,62863,138782,0.0
2025-05-27,3828.2,3834.6,3802.0,3809.2,54529,140116,0.0
2025-05-28,3815.0,3821.6,3800.6,3805.0,45973,129593,0.0
2025-05-29,3814.6,3853.6,3803.0,3832.8,70602,136268,0.0
2025-05-30,3825.0,3830.8,3792.0,3822.4,63806,122449,0.0
2025-06-03,3815.8,3841.4,3808.2,3824.8,52960,123878,0.0
2025-06-04,3829.6,3855.6,3827.2,3842.4,47487,116411,0.0
2025-06-05,3848.0,3865.0,3835.0,3852.0,49359,116859,0.0
2025-06-06,3857.0,3870.4,3846.8,3855.4,43521,110984,0.0
2025-06-09,3862.0,3883.6,3855.2,3867.8,57026,119577,0.0
2025-06-10,3870.0,3878.8,3830.0,3841.0,64495,112083,0.0
2025-06-11,3848.8,3902.6,3848.6,3878.8,69002,115340,0.0
2025-06-12,3870.2,3889.8,3854.2,3883.6,51953,102508,0.0
2025-06-13,3874.0,3878.0,3840.2,3856.4,60941,104348,0.0
2025-06-16,3848.0,3874.4,3847.6,3869.8,57349,83317,0.0
2025-06-17,3805.0,3808.2,3785.6,3799.2,25492,102213,0.0
2025-06-18,3806.8,3810.0,3782.8,3801.6,29991,108981,0.0
2025-06-19,3796.0,3798.2,3754.6,3766.0,37749,117192,0.0
2025-06-20,3770.8,3785.2,3766.8,3773.6,35051,119027,0.0
2025-06-23,3765.0,3809.8,3760.6,3797.4,47208,128778,0.0
2025-06-24,3804.6,3872.0,3804.0,3852.4,57535,133116,0.0
2025-06-25,3856.0,3928.0,3851.2,3922.8,61056,139245,0.0
2025-06-26,3915.2,3925.0,3901.2,3904.2,43176,135683,0.0
2025-06-27,3911.0,3931.4,3874.0,3876.6,56221,139367,0.0
2025-06-30,3881.2,3893.0,3867.0,3885.8,40077,135428,0.0
2025-07-01,3889.2,3895.6,3867.0,3886.0,34558,132977,0.0
2025-07-02,3890.2,3899.6,3872.2,3894.2,35301,133038,0.0
2025-07-03,3899.6,3923.6,3891.0,3918.0,38088,132375,0.0
2025-07-04,3918.2,3974.2,3905.0,3936.0,66892,146863,0.0
2025-07-07,3932.2,3937.6,3907.0,3918.0,35769,135826,0.0
2025-07-08,3921.2,3967.2,3920.2,3958.6,50571,142398,0.0
2025-07-09,3958.6,3978.0,3948.0,3952.8,43451,137184,0.0
2025-07-10,3956.2,3998.8,3952.0,3972.0,51019,144324,0.0
2025-07-11,3977.0,4045.0,3971.2,3993.4,84781,158393,0.0
2025-07-14,3993.6,4002.8,3984.8,3985.8,37589,150188,0.0
2025-07-15,3991.0,4012.0,3952.6,3980.6,62583,152828,0.0
2025-07-16,3981.2,3998.6,3958.8,3971.0,45629,147324,0.0
2025-07-17,3976.0,4012.0,3972.2,4011.8,49872,153281,0.0
2025-07-18,4018.8,4046.0,4015.2,4041.8,59958,157186,0.0
2025-07-21,4055.2,4070.8,4044.6,4064.8,49413,152831,0.0
2025-07-22,4067.0,4110.8,4051.0,4109.8,69503,162828,0.0
2025-07-23,4117.0,4146.6,4097.2,4109.2,76014,161682,0.0
2025-07-24,4103.0,4144.6,4101.2,4141.2,65298,163125,0.0
2025-07-25,4136.0,4138.0,4104.0,4116.0,53170,155404,0.0
2025-07-28,4116.0,4134.6,4093.8,4122.0,54638,156735,0.0
2025-07-29,4112.0,4142.8,4095.4,4141.4,58516,153577,0.0
2025-07-30,4131.4,4173.0,4110.0,4136.4,81931,162604,0.0
2025-07-31,4124.8,4125.6,4035.4,4057.0,91447,157602,0.0
2025-08-01,4057.8,4066.4,4018.6,4029.6,56881,151416,0.0
2025-08-04,4018.2,4054.0,4017.4,4052.8,44736,146808,0.0
2025-08-05,4060.0,4086.6,4051.0,4082.0,45420,147312,0.0
2025-08-06,4080.0,4105.2,4077.0,4097.0,42038,144956,0.0
2025-08-07,4100.0,4117.4,4073.2,4092.6,54603,149221,0.0
2025-08-08,4087.0,4102.0,4073.8,4083.2,42805,142247,0.0
2025-08-11,4089.4,4126.4,4086.0,4104.8,60577,151777,0.0
2025-08-12,4109.6,4144.2,4104.6,4131.2,61270,149241,0.0
2025-08-13,4138.8,4181.0,4135.2,4170.8,74450,160310,0.0
2025-08-14,4179.6,4212.8,4155.8,4163.8,93677,167999,0.0
2025-08-15,4157.0,4215.0,4146.8,4209.4,90646,166989,0.0
2025-08-18,4220.0,4275.2,4196.0,4237.8,99705,168841,0.0
2025-08-19,4244.0,4260.4,4208.8,4216.2,73558,154897,0.0
2025-08-20,4201.0,4273.8,4176.6,4270.0,90137,159194,0.0
2025-08-21,4280.4,4299.8,4264.2,4282.2,83303,151396,0.0
2025-08-22,4283.0,4396.6,4283.0,4394.0,94570,161198,0.0
2025-08-25,4425.0,4484.6,4408.0,4474.6,118828,165246,0.0
2025-08-26,4474.8,4482.8,4437.2,4449.0,87160,151718,0.0
2025-08-27,4451.2,4494.8,4380.6,4384.0,113283,155760,0.0
2025-08-28,4383.2,4465.0,4360.2,4460.4,126057,154101,0.0
2025-08-29,4452.2,4517.6,4447.0,4506.2,126040,151201,0.0
2025-09-01,4517.0,4527.2,4480.0,4510.6,94140,137802,0.0
2025-09-02,4516.0,4540.6,4446.0,4481.2,122523,146527,0.0
2025-09-03,4501.4,4508.6,4408.0,4430.0,120700,137484,0.0
2025-09-04,4437.0,4453.6,4306.2,4349.4,133914,144443,0.0
2025-09-05,4351.2,4470.0,4344.2,4456.6,98192,126309,0.0
2025-09-08,4464.0,4478.8,4424.0,4453.0,83936,122548,0.0
2025-09-09,4438.0,4463.0,4401.2,4426.2,73565,112541,0.0
2025-09-10,4430.8,4461.8,4405.0,4432.4,76988,113485,0.0
2025-09-11,4424.0,4562.2,4413.6,4562.0,96412,115085,0.0
2025-09-12,4557.0,4565.8,4517.0,4523.2,83488,103677,0.0
2025-09-15,4506.8,4528.2,4489.0,4497.0,41930,115931,0.0
2025-09-16,4510.0,4523.8,4459.0,4489.2,51156,126801,0.0
2025-09-17,4493.8,4527.6,4466.2,4518.2,57612,133521,0.0
2025-09-18,4512.0,4545.0,4405.8,4448.2,95637,152375,0.0
2025-09-19,4455.0,4490.0,4440.8,4464.4,80743,151383,0.0
2025-09-22,4475.0,4488.0,4447.2,4484.0,65934,149528,0.0
2025-09-23,4495.0,4513.0,4408.8,4483.8,101402,159890,0.0
2025-09-24,4468.8,4531.2,4463.2,4530.0,86527,151864,0.0
2025-09-25,4523.4,4587.6,4522.0,4562.2,80775,154619,0.0
2025-09-26,4550.0,4570.8,4525.0,4525.0,71448,150988,0.0
2025-09-29,4530.0,4639.8,4515.2,4604.6,97301,165254,0.0
2025-09-30,4615.0,4631.8,4601.0,4618.0,63292,153795,0.0
2025-10-09,4639.0,4715.0,4627.2,4689.2,78704,163300,0.0
2025-10-10,4664.0,4674.4,4576.2,4592.2,96227,162971,0.0
2025-10-13,4520.0,4574.4,4493.0,4562.6,97200,163856,0.0
2025-10-14,4588.6,4609.0,4480.0,4507.2,107698,162441,0.0
2025-10-15,4522.0,4587.8,4501.0,4576.4,86223,160428,0.0
2025-10-16,4561.0,4618.0,4561.0,4590.0,87781,161774,0.0
2025-10-17,4582.0,4596.0,4468.0,4485.2,99982,163234,0.0
2025-10-20,4523.0,4549.8,4490.8,4506.8,71457,156399,0.0
2025-10-21,4528.2,4599.2,4521.0,4577.6,77133,157558,0.0
2025-10-22,4559.0,4579.4,4536.8,4563.4,65140,151558,0.0
2025-10-23,4555.4,4589.6,4505.4,4580.8,84087,160208,0.0
2025-10-24,4592.0,4634.8,4592.0,4634.8,74172,153415,0.0
2025-10-27,4672.0,4697.8,4660.8,4684.4,71074,157785,0.0
2025-10-28,4680.0,4719.0,4660.4,4669.6,72481,155110,0.0
2025-10-29,4685.0,4732.6,4678.6,4732.6,65655,156239,0.0
2025-10-30,4723.2,4741.0,4680.0,4690.0,87251,160853,0.0
2025-10-31,4691.6,4699.4,4627.4,4631.4,85956,160463,0.0
2025-11-03,4637.0,4642.2,4577.6,4634.8,72223,157779,0.0
2025-11-04,4629.6,4639.4,4558.2,4589.0,74377,155987,0.0
2025-11-05,4536.6,4621.4,4536.0,4596.6,73216,156249,0.0
2025-11-06,4611.0,4682.6,4608.0,4670.8,71116,154733,0.0
2025-11-07,4656.0,4676.8,4638.0,4659.4,56412,149916,0.0
2025-11-10,4675.0,4678.0,4626.4,4672.0,69883,156162,0.0
2025-11-11,4684.4,4690.6,4618.4,4626.8,70771,151427,0.0
2025-11-12,4628.6,4649.4,4593.8,4628.0,79009,157009,0.0
2025-11-13,4620.0,4682.4,4617.6,4677.0,70414,149415,0.0
2025-11-14,4650.0,4661.8,4600.0,4600.4,67288,149958,0.0
2025-11-17,4596.2,4605.0,4558.8,4581.4,69751,154108,0.0
2025-11-18,4571.0,4586.0,4530.4,4555.0,76476,158826,0.0
2025-11-19,4558.6,4587.0,4544.2,4565.2,76820,156324,0.0
2025-11-20,4590.8,4599.2,4535.2,4539.2,83141,165189,0.0
2025-11-21,4509.6,4521.4,4427.2,4428.4,112829,176897,0.0
2025-11-24,4451.0,4454.6,4408.8,4435.2,82507,168604,0.0
2025-11-25,4458.8,4504.0,4455.6,4473.0,77751,160808,0.0
2025-11-26,4482.8,4519.0,4471.0,4493.0,70583,155905,0.0
2025-11-27,4499.0,4549.0,4487.6,4492.6,72122,155679,0.0
2025-11-28,4492.0,4515.8,4476.0,4505.8,64947,148801,0.0
2025-12-01,4516.8,4555.8,4511.8,4555.4,68600,145600,0.0
2025-12-02,4555.4,4559.8,4521.6,4535.8,55827,138432,0.0
2025-12-03,4538.2,4556.0,4504.2,4518.2,67863,142198,0.0
2025-12-04,4525.0,4547.8,4500.8,4530.6,63708,136475,0.0
2025-12-05,4525.0,4588.4,4516.4,4574.4,84754,143296,0.0
2025-12-08,4590.0,4635.0,4589.6,4613.2,76082,132821,0.0
2025-12-09,4611.4,4618.8,4571.8,4583.2,63877,125588,0.0
2025-12-10,4576.0,4583.6,4532.0,4574.2,75990,121027,0.0
2025-12-11,4585.2,4593.2,4534.6,4539.6,64930,111889,0.0
2025-12-12,4559.6,4581.6,4526.0,4574.0,74003,113155,0.0
2025-12-15,4511.0,4549.0,4500.6,4501.0,34058,123643,0.0
2025-12-16,4494.0,4502.8,4429.6,4451.4,43729,133118,0.0
2025-12-17,4450.2,4549.0,4444.0,4532.0,61193,143762,0.0
2025-12-18,4516.8,4532.0,4498.4,4505.0,50112,150187,0.0
2025-12-19,4515.0,4557.0,4506.8,4527.0,66095,162769,0.0
2025-12-22,4542.2,4579.2,4542.2,4564.8,53962,157800,0.0
2025-12-23,4570.0,4599.0,4561.4,4571.4,52645,163660,0.0
2025-12-24,4573.0,4608.4,4559.0,4595.0,58846,164967,0.0
2025-12-25,4586.0,4624.8,4586.0,4610.6,52262,164476,0.0
2025-12-26,4611.2,4664.2,4611.2,4638.4,70821,175215,0.0
2025-12-29,4640.2,4645.0,4595.2,4610.2,58452,167149,0.0
2025-12-30,4598.8,4645.2,4590.4,4622.2,56756,171595,0.0
2025-12-31,4628.2,4634.6,4581.2,4599.8,63352,166875,0.0
